path,target,model,wF1,sF1,wF1_03,sF1_03,AUC,AUC_emaciated,AUC_damaged_fins,AUC_missing_skin_skin_lesions,AUC_ulcers,AUC_exophthalmos,AUC_hemorrhages,AUC_swollen_abdomen,AUC_abnormal_coloration
runs/1786028778_CLIP_sym_bioclip,sym,bioclip,0.2218647617074914,0.2311539430587049,0.2588700211654557,0.246283698664651,0.38278802037257,0.3092307692307692,0.4252631578947369,0.6764112903225806,0.4069444444444444,0.5025510204081632,0.040983606557377,0.3806584362139917,0.3202614379084967
runs/1786028585_CLIP_sym_vit.base.32,sym,vit.base.32,0.3625957136374341,0.3352024518691185,0.4130477825542591,0.3534604725080916,0.6176261505789495,0.4307692307692308,0.5663157894736841,0.5030241935483871,0.6972222222222222,0.5637755102040816,0.8278688524590163,0.654320987654321,0.6977124183006536
runs/1786028925_CLIP_sym_bioclip2,sym,bioclip2,0.6297285847314551,0.4818297223059128,0.6486956493095591,0.4822787441835061,0.5632765923554712,0.7261538461538463,0.5378947368421053,0.471774193548387,0.6125,0.548469387755102,0.7049180327868853,0.345679012345679,0.5588235294117647
runs/1786030047_sym_[MTL][alpha=0.2]resnet,sym,[MTL][alpha=0.2]resnet,0.703618549360577,0.7357955977003594,0.7362492805948497,0.7148056529008909,0.7867646960194179,0.7123076923076924,0.8905263157894736,0.8528225806451613,0.8513888888888889,0.5994897959183674,0.6557377049180328,0.8086419753086419,0.923202614379085
runs/1786030248_sym_resnet,sym,resnet,0.680996722531876,0.7152362628553103,0.7486535872066579,0.7439943654229367,0.7656173203379123,0.7353846153846153,0.8873684210526316,0.846774193548387,0.8305555555555555,0.6964285714285714,0.4098360655737705,0.8395061728395061,0.8790849673202614
runs/1786028594_sym_[MTL][alpha=0.1]resnet,sym,[MTL][alpha=0.1]resnet,0.690483552958198,0.7144930025882404,0.7507257716976513,0.7214079571222428,0.7791254787318826,0.676923076923077,0.8736842105263158,0.84375,0.8236111111111111,0.6301020408163266,0.6229508196721312,0.8518518518518519,0.9101307189542484
runs/1786053988_sym_[S2D-MTL][alpha=0.5][beta=0.4][gamma=0.0]resnet,sym,[S2D-MTL][alpha=0.5][beta=0.4][gamma=0.0]resnet,0.6324221742121062,0.6678886369362558,0.6989060540482378,0.6319441581346342,0.6814580356731399,0.6692307692307693,0.8494736842105262,0.7449596774193549,0.7361111111111112,0.6658163265306123,0.2049180327868852,0.7592592592592592,0.8218954248366013
runs/1786046583_sym_[MTL][alpha=0.6]swint,sym,[MTL][alpha=0.6]swint,0.635137530737119,0.71031746031746,0.7385711855198648,0.7319659176802034,0.802433623468146,0.7461538461538462,0.8705263157894737,0.8366935483870968,0.8125,0.6326530612244898,0.778688524590164,0.8353909465020577,0.9068627450980392
runs/1786059089_sym_[S2D-MTL][alpha=0.5][beta=0.7][gamma=0.0]resnet,sym,[S2D-MTL][alpha=0.5][beta=0.7][gamma=0.0]resnet,0.6838010243955239,0.720098948670377,0.7389161770796739,0.7111420325706039,0.77820227712566,0.6769230769230771,0.9084210526315788,0.8064516129032258,0.8694444444444445,0.7525510204081632,0.4672131147540984,0.8786008230452675,0.8660130718954248
runs/1786034705_sym_swint,sym,swint,0.6646842792569257,0.699338051719004,0.7352217847096413,0.7100597814883527,0.7818543664058715,0.7261538461538461,0.8442105263157894,0.815524193548387,0.8208333333333333,0.653061224489796,0.7377049180327868,0.7880658436213992,0.869281045751634
runs/1786032486_sym_efficientnet,sym,efficientnet,0.6186400254208425,0.6951751070798688,0.7338004560602371,0.7562037609656657,0.7845363040654811,0.6584615384615385,0.8842105263157894,0.8094758064516129,0.7694444444444444,0.5994897959183674,0.819672131147541,0.8662551440329218,0.869281045751634
runs/1786047388_sym_[MTL][alpha=0.8]convnext,sym,[MTL][alpha=0.8]convnext,0.6322692355228506,0.731116150163769,0.6938557704889552,0.7009127556746603,0.8120885508514425,0.6707692307692308,0.8505263157894737,0.8276209677419355,0.8180555555555555,0.7678571428571428,0.7868852459016393,0.8436213991769547,0.931372549019608
runs/1786069784_sym_[S2D-MTL][alpha=0.5][beta=0.4][gamma=0.0]swint,sym,[S2D-MTL][alpha=0.5][beta=0.4][gamma=0.0]swint,0.7091966659163748,0.7184154469868753,0.7296270428221178,0.6740717835955929,0.7180482708077576,0.7476923076923077,0.8242105263157895,0.7953629032258064,0.8194444444444445,0.4872448979591836,0.3852459016393442,0.7962962962962962,0.8888888888888888
runs/1786076699_sym_[S2D-MTL][alpha=0.5][beta=0.8][gamma=0.0]swint,sym,[S2D-MTL][alpha=0.5][beta=0.8][gamma=0.0]swint,0.6977141850963283,0.7170571932476693,0.7464872862077038,0.7214091023614831,0.7927719962918636,0.7200000000000001,0.8778947368421053,0.8084677419354838,0.8388888888888889,0.6326530612244898,0.6967213114754098,0.831275720164609,0.9362745098039216
runs/1786048693_sym_[S2D-MTL][alpha=0.5][beta=0.1][gamma=0.0]resnet,sym,[S2D-MTL][alpha=0.5][beta=0.1][gamma=0.0]resnet,0.6531330585231054,0.6333825786206737,0.6582249412933318,0.5259242521147284,0.6034936341500932,0.6138461538461538,0.7663157894736842,0.6834677419354839,0.6097222222222223,0.2831632653061224,0.4180327868852458,0.7181069958847737,0.7352941176470589
runs/1786039505_sym_[MTL][alpha=0.2]convnext,sym,[MTL][alpha=0.2]convnext,0.6802699636593665,0.7179390274628369,0.7279418740174605,0.7205776586728966,0.8233757568160985,0.8123076923076924,0.8852631578947369,0.8306451612903226,0.8222222222222222,0.6352040816326531,0.7950819672131147,0.8765432098765432,0.9297385620915032
runs/1786035843_sym_[MTL][alpha=0.7]resnet,sym,[MTL][alpha=0.7]resnet,0.6454974607807464,0.7082445772921961,0.7200961021173203,0.7189399665590142,0.7694666553502827,0.6615384615384616,0.8768421052631579,0.8548387096774194,0.8125,0.6581632653061225,0.5655737704918032,0.8292181069958848,0.8970588235294117
runs/1786052232_sym_[S2D-MTL][alpha=0.5][beta=0.3][gamma=0.0]resnet,sym,[S2D-MTL][alpha=0.5][beta=0.3][gamma=0.0]resnet,0.6179105188519889,0.6615394305870493,0.7032769849726631,0.629628484390389,0.732665675212445,0.7246153846153847,0.8515789473684211,0.8528225806451613,0.688888888888889,0.645408163265306,0.5655737704918032,0.7448559670781892,0.7875816993464052
runs/1786068002_sym_[S2D-MTL][alpha=0.5][beta=0.3][gamma=0.0]swint,sym,[S2D-MTL][alpha=0.5][beta=0.3][gamma=0.0]swint,0.6369150992219429,0.6783824640967496,0.6908473841738061,0.655165645641836,0.7777169104629527,0.7184615384615385,0.8336842105263158,0.8316532258064516,0.8069444444444445,0.5127551020408163,0.9508196721311476,0.668724279835391,0.8986928104575163
runs/1786038212_sym_[MTL][alpha=0.1]convnext,sym,[MTL][alpha=0.1]convnext,0.6915700146195894,0.7275567466043655,0.7407298917043784,0.7266749123891979,0.8169210300879493,0.7861538461538462,0.8747368421052631,0.8407258064516129,0.825,0.6836734693877551,0.7295081967213115,0.8641975308641976,0.931372549019608
runs/1786043474_sym_[MTL][alpha=0.5]convnext,sym,[MTL][alpha=0.5]convnext,0.64537028122002,0.7080624842529603,0.714503956065967,0.7168739549691929,0.8149961792657376,0.7507692307692309,0.8642105263157894,0.8256048387096775,0.8305555555555556,0.7193877551020408,0.7868852459016393,0.8209876543209876,0.9215686274509804
runs/1786044752_sym_[MTL][alpha=0.6]convnext,sym,[MTL][alpha=0.6]convnext,0.6541866694699551,0.724288233812043,0.7421335537665575,0.725230765706956,0.8129317710975519,0.7861538461538462,0.8578947368421053,0.8568548387096775,0.8472222222222223,0.6709183673469388,0.7295081967213115,0.8333333333333334,0.9215686274509804
runs/1786040835_sym_[MTL][alpha=0.3]convnext,sym,[MTL][alpha=0.3]convnext,0.6721915770234276,0.7130064820541008,0.7374450790380771,0.7300510776701251,0.8256902139260383,0.8030769230769231,0.8694736842105264,0.845766129032258,0.8277777777777777,0.7066326530612245,0.8032786885245902,0.8230452674897119,0.9264705882352942
runs/1786044034_sym_[MTL][alpha=0.5]efficientnet,sym,[MTL][alpha=0.5]efficientnet,0.6325963258768358,0.7070798689846306,0.7104102327525178,0.7410362124647839,0.8142259296401596,0.676923076923077,0.8873684210526316,0.8356854838709677,0.8208333333333333,0.6632653061224489,0.901639344262295,0.8539094650205761,0.8741830065359477
runs/1786051459_sym_[S2D-MTL][alpha=0.3][beta=0.5][gamma=0.0]efficientnet,sym,[S2D-MTL][alpha=0.3][beta=0.5][gamma=0.0]efficientnet,0.6833142197007848,0.7396630706154513,0.7117186388432872,0.6773677821296867,0.7951725148586867,0.58,0.8873684210526316,0.8407258064516129,0.7569444444444445,0.6326530612244898,0.9590163934426228,0.8353909465020576,0.869281045751634
runs/1786059087_sym_[S2D-MTL][alpha=0.6][beta=0.5][gamma=0.5]mobilenet,sym,[S2D-MTL][alpha=0.6][beta=0.5][gamma=0.5]mobilenet,0.6847080802030746,0.715936004031242,0.7341250918886967,0.6573015168253263,0.8053627280819524,0.6830769230769231,0.888421052631579,0.8034274193548387,0.8305555555555555,0.7704081632653061,0.8688524590163934,0.6831275720164609,0.915032679738562
runs/1786078433_sym_[S2D-MTL][alpha=0.5][beta=0.9][gamma=0.0]swint,sym,[S2D-MTL][alpha=0.5][beta=0.9][gamma=0.0]swint,0.7026547470259438,0.715274055750246,0.7405678663404894,0.7228246180627133,0.812055659098778,0.7,0.86,0.7903225806451613,0.8125,0.7474489795918368,0.7950819672131147,0.8662551440329217,0.9248366013071896
runs/1786047865_sym_[S2D-MTL][alpha=0.7][beta=0.5][gamma=0.0]resnet,sym,[S2D-MTL][alpha=0.7][beta=0.5][gamma=0.0]resnet,0.6504803818513868,0.6223791199981673,0.6931745565915111,0.5851651875461398,0.6392011663973622,0.6723076923076923,0.8484210526315789,0.7278225806451614,0.6125,0.5331632653061225,0.2459016393442623,0.728395061728395,0.7450980392156862
runs/1786071562_sym_[S2D-MTL][alpha=0.5][beta=0.5][gamma=0.0]swint,sym,[S2D-MTL][alpha=0.5][beta=0.5][gamma=0.0]swint,0.7271505359456183,0.7323564442612059,0.7338792329385742,0.7098719622529145,0.7570625273665582,0.7369230769230769,0.8421052631578948,0.8518145161290323,0.7861111111111111,0.5484693877551021,0.6065573770491803,0.8168724279835391,0.8676470588235293
runs/1786033548_sym_convnext,sym,convnext,0.6905387486538892,0.7099578551959502,0.7484582563970289,0.7271204104537436,0.7910344257258759,0.7953846153846155,0.8473684210526315,0.8024193548387097,0.8277777777777778,0.6352040816326531,0.6311475409836066,0.8559670781893004,0.9330065359477124
runs/1786060842_sym_[S2D-MTL][alpha=0.5][beta=0.8][gamma=0.0]resnet,sym,[S2D-MTL][alpha=0.5][beta=0.8][gamma=0.0]resnet,0.6794378263647912,0.717743191552715,0.7276105303852183,0.6984436198721913,0.7657696100630338,0.7261538461538463,0.8831578947368421,0.8266129032258064,0.8347222222222223,0.721938775510204,0.4098360655737705,0.8168724279835391,0.9068627450980392
runs/1786031373_sym_mobilenet,sym,mobilenet,0.6671778039142209,0.7211136306374399,0.6929580776561466,0.6709429899906089,0.8115423318827486,0.7523076923076923,0.88,0.8629032258064516,0.8402777777777778,0.8341836734693878,0.680327868852459,0.7469135802469136,0.8954248366013071
runs/1786041634_sym_[MTL][alpha=0.8]resnet,sym,[MTL][alpha=0.8]resnet,0.6237950950978942,0.7039361872695202,0.7056714010612651,0.6999725142582285,0.7923493390431098,0.6753846153846154,0.8526315789473685,0.8306451612903227,0.7999999999999999,0.7040816326530611,0.7459016393442623,0.8004115226337448,0.9297385620915032
runs/1786042136_sym_[MTL][alpha=0.4]convnext,sym,[MTL][alpha=0.4]convnext,0.7033172555373345,0.7325580063675301,0.735869655525557,0.7312856455713598,0.8238495564132138,0.7953846153846155,0.8736842105263158,0.8578629032258065,0.8388888888888889,0.6556122448979592,0.7622950819672131,0.8724279835390947,0.934640522875817
runs/1786064343_sym_[S2D-MTL][alpha=0.5][beta=0.1][gamma=0.0]swint,sym,[S2D-MTL][alpha=0.5][beta=0.1][gamma=0.0]swint,0.583665214399906,0.6320483749055176,0.6502581800926703,0.5560732036922512,0.6503329681862944,0.4800000000000001,0.6631578947368422,0.6764112903225806,0.798611111111111,0.4566326530612244,0.7704918032786885,0.6563786008230452,0.7009803921568628
runs/1786045217_sym_[MTL][alpha=0.9]convnext,sym,[MTL][alpha=0.9]convnext,0.5952221266704679,0.700314940791131,0.6619167635865776,0.6961130580178196,0.7859550423608868,0.6415384615384615,0.7842105263157894,0.8064516129032259,0.8541666666666667,0.7576530612244898,0.8032786885245902,0.7530864197530864,0.8872549019607843
runs/1786055429_sym_[S2D-MTL][alpha=0.4][beta=0.7][gamma=0.0]swint,sym,[S2D-MTL][alpha=0.4][beta=0.7][gamma=0.0]swint,0.669525574285213,0.6996277972468447,0.7663662395776253,0.7505222290936574,0.7770635162242703,0.8061538461538461,0.8631578947368421,0.779233870967742,0.8333333333333334,0.6785714285714286,0.5573770491803278,0.8539094650205761,0.8447712418300654
runs/1786062778_sym_[S2D-MTL][alpha=0.4][beta=0.5][gamma=0.5]convnext,sym,[S2D-MTL][alpha=0.4][beta=0.5][gamma=0.5]convnext,0.6496720466099366,0.7070352046542521,0.7219148896370979,0.6947960328912707,0.786765168067361,0.7476923076923077,0.8410526315789474,0.84375,0.8055555555555556,0.548469387755102,0.7704918032786885,0.8580246913580247,0.8790849673202614
runs/1786062566_sym_[S2D-MTL][alpha=0.5][beta=0.9][gamma=0.0]resnet,sym,[S2D-MTL][alpha=0.5][beta=0.9][gamma=0.0]resnet,0.6830156939619453,0.7172392862869051,0.7302808185613352,0.7288210907258524,0.7591677914039854,0.7092307692307692,0.8978947368421053,0.8175403225806451,0.8208333333333333,0.5841836734693877,0.4672131147540983,0.8744855967078189,0.9019607843137256
runs/1786034683_sym_[MTL][alpha=0.6]resnet,sym,[MTL][alpha=0.6]resnet,0.6712134071890169,0.7155763989097321,0.6974447734760477,0.709441352298495,0.7797290909756297,0.6923076923076923,0.8831578947368421,0.8034274193548387,0.8486111111111111,0.6505102040816326,0.6229508196721312,0.8251028806584362,0.9117647058823528
runs/1786057390_sym_[S2D-MTL][alpha=0.5][beta=0.6][gamma=0.0]resnet,sym,[S2D-MTL][alpha=0.5][beta=0.6][gamma=0.0]resnet,0.6386087237335356,0.6912572436381959,0.7352772153953052,0.7144208525160906,0.7159152479121773,0.68,0.8578947368421053,0.7933467741935484,0.7916666666666667,0.5178571428571428,0.3196721311475409,0.8518518518518517,0.9150326797385622
runs/1786064781_sym_[S2D-MTL][alpha=0.4][beta=0.5][gamma=0.5]swint,sym,[S2D-MTL][alpha=0.4][beta=0.5][gamma=0.5]swint,0.7112988968742242,0.7166449071210974,0.7485876932916357,0.6970544446734921,0.7619738749415729,0.7538461538461538,0.7821052631578947,0.8387096774193549,0.8388888888888888,0.6377551020408163,0.5163934426229508,0.8539094650205762,0.8741830065359477
runs/1786074985_sym_[S2D-MTL][alpha=0.5][beta=0.7][gamma=0.0]swint,sym,[S2D-MTL][alpha=0.5][beta=0.7][gamma=0.0]swint,0.6976115838184804,0.7103174603174602,0.7438931597437854,0.7032398818113103,0.774607192798825,0.6753846153846154,0.8621052631578947,0.7449596774193549,0.8125,0.6862244897959183,0.6065573770491803,0.8744855967078189,0.934640522875817
runs/1786060885_sym_[S2D-MTL][alpha=0.4][beta=0.7][gamma=0.5]efficientnet,sym,[S2D-MTL][alpha=0.4][beta=0.7][gamma=0.5]efficientnet,0.6881549540990263,0.7517510707986896,0.7509816056548066,0.7592019972972353,0.7731466811633676,0.6692307692307693,0.9178947368421052,0.873991935483871,0.85,0.2423469387755101,0.8770491803278688,0.8559670781893004,0.8986928104575163
runs/1786055749_sym_[S2D-MTL][alpha=0.5][beta=0.5][gamma=0.0]resnet,sym,[S2D-MTL][alpha=0.5][beta=0.5][gamma=0.0]resnet,0.6319136519395794,0.7084782060972535,0.7472805654456844,0.7103357841453077,0.7948388676737237,0.7092307692307692,0.8115789473684211,0.7701612903225807,0.773611111111111,0.6989795918367346,0.8934426229508197,0.8209876543209876,0.880718954248366
runs/1786057319_sym_[S2D-MTL][alpha=0.6][beta=0.5][gamma=0.5]resnet,sym,[S2D-MTL][alpha=0.6][beta=0.5][gamma=0.5]resnet,0.6510471986426521,0.7022549760644997,0.7327358814238927,0.6817481460338601,0.7077038528689801,0.7276923076923077,0.871578947368421,0.78125,0.7472222222222221,0.6683673469387754,0.1639344262295082,0.8600823045267489,0.8415032679738562
runs/1786066216_sym_[S2D-MTL][alpha=0.5][beta=0.2][gamma=0.0]swint,sym,[S2D-MTL][alpha=0.5][beta=0.2][gamma=0.0]swint,0.6573996969079957,0.6980473670949859,0.6826104140360842,0.6283652855081425,0.6590276098268759,0.6861538461538462,0.7894736842105263,0.8185483870967742,0.7486111111111111,0.2959183673469387,0.6557377049180328,0.5555555555555555,0.7222222222222222
runs/1786073294_sym_[S2D-MTL][alpha=0.5][beta=0.6][gamma=0.0]swint,sym,[S2D-MTL][alpha=0.5][beta=0.6][gamma=0.0]swint,0.6775550753945961,0.7016056254151489,0.7347163527214092,0.682632446918161,0.753770493911092,0.6738461538461539,0.8494736842105264,0.8004032258064516,0.8236111111111111,0.4744897959183674,0.6557377049180328,0.7983539094650205,0.954248366013072
runs/1786032375_sym_[MTL][alpha=0.4]resnet,sym,[MTL][alpha=0.4]resnet,0.6905090254127945,0.7213713094665474,0.7586923938215111,0.7474804736709496,0.7819770970185181,0.7323076923076922,0.8789473684210526,0.8497983870967741,0.8708333333333333,0.6301020408163266,0.540983606557377,0.831275720164609,0.9215686274509804
runs/1786053380_sym_[S2D-MTL][alpha=0.6][beta=0.4][gamma=0.0]convnext,sym,[S2D-MTL][alpha=0.6][beta=0.4][gamma=0.0]convnext,0.6963399319758468,0.7369671774433676,0.7188311495662103,0.6811001168144023,0.7688719105260324,0.6753846153846155,0.8821052631578947,0.8931451612903225,0.7902777777777777,0.4030612244897958,0.9016393442622952,0.7181069958847737,0.8872549019607843
runs/1786031285_sym_[MTL][alpha=0.3]resnet,sym,[MTL][alpha=0.3]resnet,0.6863070842656003,0.7222405460500696,0.73372872278003,0.7227318536842345,0.7764642559026154,0.6738461538461539,0.8547368421052632,0.8497983870967741,0.8597222222222222,0.7066326530612245,0.5655737704918032,0.779835390946502,0.9215686274509804
runs/1786037007_sym_[MTL][alpha=0.9]resnet,sym,[MTL][alpha=0.9]resnet,0.5822080578754661,0.6929831191735951,0.6813530515386295,0.6954327859089762,0.7723279639735138,0.6507692307692308,0.8463157894736842,0.7913306451612903,0.8055555555555556,0.7474489795918368,0.7213114754098361,0.7613168724279835,0.8545751633986929
runs/1786046077_sym_[MTL][alpha=0.7]convnext,sym,[MTL][alpha=0.7]convnext,0.6727450481015681,0.7187258068210446,0.7286284277216231,0.7176676057628436,0.8172317389404038,0.7092307692307692,0.8578947368421053,0.8326612903225806,0.8305555555555556,0.6862244897959183,0.8360655737704918,0.8456790123456791,0.9395424836601308
runs/1786050457_sym_[S2D-MTL][alpha=0.5][beta=0.2][gamma=0.0]resnet,sym,[S2D-MTL][alpha=0.5][beta=0.2][gamma=0.0]resnet,0.6101064644168092,0.6409732243065575,0.662347863074384,0.5729357062690396,0.5972047137251202,0.6184615384615385,0.7957894736842106,0.7399193548387097,0.561111111111111,0.3775510204081632,0.2540983606557377,0.7983539094650206,0.6323529411764706
runs/1786042823_sym_[MTL][alpha=0.6]mobilenet,sym,[MTL][alpha=0.6]mobilenet,0.6264272072354027,0.7084278155706725,0.7013096668765381,0.7089408827504063,0.8044248792147823,0.7061538461538462,0.883157894736842,0.844758064516129,0.8583333333333334,0.7857142857142856,0.7540983606557377,0.6995884773662551,0.9035947712418302
runs/1786049590_sym_[S2D-MTL][alpha=0.6][beta=0.8][gamma=0.0]mobilenet,sym,[S2D-MTL][alpha=0.6][beta=0.8][gamma=0.0]mobilenet,0.6629024089692965,0.7229402872260013,0.7401980762467438,0.718839185505852,0.7623973947243231,0.7384615384615385,0.8789473684210527,0.8588709677419355,0.8638888888888889,0.6147959183673469,0.5,0.7798353909465021,0.8643790849673203
runs/1786033506_sym_[MTL][alpha=0.5]resnet,sym,[MTL][alpha=0.5]resnet,0.6797948250155572,0.7192171144552095,0.7327513204876943,0.7232357589500445,0.7814631760346173,0.7138461538461539,0.8789473684210526,0.8387096774193549,0.8652777777777778,0.586734693877551,0.6475409836065573,0.8415637860082303,0.8790849673202614
runs/1786096355_CLIP_sym_vit.h.laion2b,sym,vit.h.laion2b,0.2633459611229237,0.2629635796302462,0.2847931347069278,0.2722509412985603,0.613133104205935,0.5076923076923077,0.5684210526315789,0.625,0.65,0.6071428571428571,0.7049180327868853,0.6748971193415638,0.5669934640522876
