path,target,model,wF1,sF1,wF1_03,sF1_03,AUC,AUC__vibrio,AUC__photobact,AUC__tenacibac,AUC__aeromonas,AUC__lactococcus
runs/1786028594_dis_[MTL][alpha=0.1]resnet,dis,[MTL][alpha=0.1]resnet,0.850242093105899,0.8566137566137565,0.8269217604195674,0.8037037037037036,0.8435632895666174,0.9093567251461988,0.9580498866213152,0.875,0.9754098360655736,0.5
runs/1786029460_CLIP_dis_vit.base.32,dis,vit.base.32,0.7527774998888445,0.5152305366591081,0.7611798526627799,0.5125850340136054,0.4970070266920354,0.4707602339181286,0.6768707482993197,0.5856854838709677,0.1065573770491803,0.6451612903225806
runs/1786029730_CLIP_dis_bioclip2,dis,bioclip2,0.7611708520867431,0.5100151171579744,0.7611708520867431,0.5100151171579744,0.4266475252370053,0.47953216374269,0.6213151927437642,0.5241935483870968,0.5081967213114754,0.0
runs/1786030047_dis_[MTL][alpha=0.2]resnet,dis,[MTL][alpha=0.2]resnet,0.8845023220023221,0.8957671957671958,0.8565525248560962,0.8465608465608465,0.9365357758836416,0.9239766081871346,0.9693877551020408,0.8860887096774194,1.0,0.9032258064516128
runs/1786029596_CLIP_dis_bioclip,dis,bioclip,0.222600291979683,0.2645502645502645,0.2279922214787554,0.2947089947089947,0.3634037160653642,0.4532163742690058,0.4410430839002267,0.5383064516129031,0.3360655737704918,0.0483870967741935
runs/1786034683_dis_[MTL][alpha=0.6]resnet,dis,[MTL][alpha=0.6]resnet,0.9001188109306056,0.912169312169312,0.8883589403068032,0.8693121693121691,0.9345486171265336,0.912280701754386,0.9852607709750568,0.9203629032258064,1.0,0.8548387096774194
runs/1786055429_dis_[S2D-MTL][alpha=0.4][beta=0.7][gamma=0.0]swint,dis,[S2D-MTL][alpha=0.4][beta=0.7][gamma=0.0]swint,0.9434149481720968,0.946031746031746,0.905973017592736,0.902116402116402,0.9579093904115126,0.8830409356725146,0.984126984126984,0.9223790322580644,1.0,1.0
runs/1786060885_dis_[S2D-MTL][alpha=0.4][beta=0.7][gamma=0.5]efficientnet,dis,[S2D-MTL][alpha=0.4][beta=0.7][gamma=0.5]efficientnet,0.9167600455378624,0.9349206349206348,0.8875768348586596,0.8777777777777777,0.9423681185853504,0.888888888888889,0.9784580498866212,0.9254032258064516,0.9836065573770492,0.935483870967742
runs/1786032375_dis_[MTL][alpha=0.4]resnet,dis,[MTL][alpha=0.4]resnet,0.8922115101830749,0.8994708994708993,0.8898693906963172,0.8777777777777778,0.9439545484294452,0.9152046783625732,0.973922902494331,0.8951612903225806,1.0,0.935483870967742
runs/1786040490_dis_swint,dis,swint,0.904689608636977,0.8931216931216931,0.9129377111112073,0.9052910052910051,0.9513010877808964,0.8508771929824562,0.9671201814058956,0.938508064516129,1.0,1.0
runs/1786059089_dis_[S2D-MTL][alpha=0.5][beta=0.7][gamma=0.0]resnet,dis,[S2D-MTL][alpha=0.5][beta=0.7][gamma=0.0]resnet,0.9090700248027834,0.92010582010582,0.8950249697336562,0.8846560846560845,0.9531921200851592,0.8947368421052633,0.9841269841269842,0.9032258064516128,1.0,0.9838709677419356
runs/1786076699_dis_[S2D-MTL][alpha=0.5][beta=0.8][gamma=0.0]swint,dis,[S2D-MTL][alpha=0.5][beta=0.8][gamma=0.0]swint,0.9253396739130436,0.9269841269841268,0.9058724660432736,0.9047619047619048,0.950413644518362,0.8479532163742691,0.971655328798186,0.9324596774193548,1.0,1.0
runs/1786043474_dis_[MTL][alpha=0.5]convnext,dis,[MTL][alpha=0.5]convnext,0.9094343156843158,0.9227513227513228,0.8821977639788062,0.8788359788359787,0.951936172035311,0.8538011695906433,0.9693877551020408,0.936491935483871,1.0,1.0
runs/1786062566_dis_[S2D-MTL][alpha=0.5][beta=0.9][gamma=0.0]resnet,dis,[S2D-MTL][alpha=0.5][beta=0.9][gamma=0.0]resnet,0.9043936309381844,0.9148148148148147,0.9062018025833816,0.8978835978835978,0.9601079070564276,0.9005847953216375,0.979591836734694,0.9203629032258064,1.0,1.0
runs/1786033506_dis_[MTL][alpha=0.5]resnet,dis,[MTL][alpha=0.5]resnet,0.9004737703110066,0.9095238095238094,0.8872040725584746,0.8746031746031744,0.9435159759999076,0.9093567251461988,0.9705215419501134,0.9183467741935484,1.0,0.9193548387096774
runs/1786073294_dis_[S2D-MTL][alpha=0.5][beta=0.6][gamma=0.0]swint,dis,[S2D-MTL][alpha=0.5][beta=0.6][gamma=0.0]swint,0.9204680735930736,0.9185185185185184,0.9085496696368056,0.9021164021164022,0.9560894122787768,0.8654970760233919,0.9784580498866212,0.936491935483871,1.0,1.0
runs/1786064343_dis_[S2D-MTL][alpha=0.5][beta=0.1][gamma=0.0]swint,dis,[S2D-MTL][alpha=0.5][beta=0.1][gamma=0.0]swint,0.9019243842897314,0.9079365079365078,0.8822047322047323,0.8724867724867724,0.9545323562362128,0.868421052631579,0.9727891156462584,0.9475806451612904,1.0,0.9838709677419356
runs/1786041634_dis_[MTL][alpha=0.8]resnet,dis,[MTL][alpha=0.8]resnet,0.9037002185526956,0.9074074074074072,0.8864239926739926,0.8740740740740738,0.9631319830575408,0.9298245614035088,0.9807256235827664,0.9294354838709676,0.9918032786885246,0.9838709677419356
runs/1786066216_dis_[S2D-MTL][alpha=0.5][beta=0.2][gamma=0.0]swint,dis,[S2D-MTL][alpha=0.5][beta=0.2][gamma=0.0]swint,0.9159261177041348,0.9206349206349206,0.9115810399446194,0.9084656084656084,0.94851303566135,0.8421052631578948,0.9750566893424036,0.9254032258064516,1.0,1.0
runs/1786045217_dis_[MTL][alpha=0.9]convnext,dis,[MTL][alpha=0.9]convnext,0.9144525329196664,0.9291005291005292,0.8983224686768462,0.891005291005291,0.9461342247708364,0.8362573099415205,0.9659863945578232,0.9284274193548387,1.0,1.0
runs/1786035832_dis_resnet,dis,resnet,0.8835829222353365,0.895238095238095,0.8926057225449323,0.8793650793650791,0.9467968115372918,0.8976608187134504,0.9693877551020408,0.8991935483870968,1.0,0.967741935483871
runs/1786078433_dis_[S2D-MTL][alpha=0.5][beta=0.9][gamma=0.0]swint,dis,[S2D-MTL][alpha=0.5][beta=0.9][gamma=0.0]swint,0.9267907480116782,0.925925925925926,0.9129561064062562,0.9074074074074072,0.9623299319727892,0.888888888888889,0.9852607709750568,0.9375,1.0,1.0
runs/1786040835_dis_[MTL][alpha=0.3]convnext,dis,[MTL][alpha=0.3]convnext,0.8901837027914615,0.8941798941798942,0.8824900406696169,0.8788359788359787,0.9471422892869654,0.8362573099415205,0.9659863945578232,0.933467741935484,1.0,1.0
runs/1786044034_dis_[MTL][alpha=0.5]efficientnet,dis,[MTL][alpha=0.5]efficientnet,0.914331501831502,0.9285714285714286,0.8574569553848937,0.8555555555555554,0.9200373568392536,0.8596491228070176,0.9727891156462584,0.9213709677419356,0.9754098360655736,0.8709677419354839
runs/1786037007_dis_[MTL][alpha=0.9]resnet,dis,[MTL][alpha=0.9]resnet,0.8969501593740945,0.9063492063492062,0.9032693496979212,0.8910052910052909,0.9468631255558252,0.9356725146198832,0.9841269841269842,0.8790322580645161,1.0,0.935483870967742
runs/1786069784_dis_[S2D-MTL][alpha=0.5][beta=0.4][gamma=0.0]swint,dis,[S2D-MTL][alpha=0.5][beta=0.4][gamma=0.0]swint,0.9187175201645644,0.9264550264550264,0.9303540675742168,0.9343915343915344,0.9512656449110488,0.8596491228070176,0.9773242630385488,0.9193548387096776,1.0,1.0
runs/1786047865_dis_[S2D-MTL][alpha=0.7][beta=0.5][gamma=0.0]resnet,dis,[S2D-MTL][alpha=0.7][beta=0.5][gamma=0.0]resnet,0.9115413339814096,0.9153439153439152,0.8997977716727716,0.8973544973544972,0.9600127911945762,0.9181286549707603,0.9807256235827664,0.9173387096774194,1.0,0.9838709677419356
runs/1786053380_dis_[S2D-MTL][alpha=0.6][beta=0.4][gamma=0.0]convnext,dis,[S2D-MTL][alpha=0.6][beta=0.4][gamma=0.0]convnext,0.937196065428824,0.9444444444444444,0.9105556297805538,0.9074074074074072,0.9512444225001828,0.8333333333333334,0.9773242630385488,0.9455645161290324,1.0,1.0
runs/1786035843_dis_[MTL][alpha=0.7]resnet,dis,[MTL][alpha=0.7]resnet,0.8984639641967228,0.9084656084656084,0.8881810844522707,0.8825396825396823,0.9565564015645874,0.9298245614035088,0.9648526077097506,0.9203629032258064,1.0,0.967741935483871
runs/1786049590_dis_[S2D-MTL][alpha=0.6][beta=0.8][gamma=0.0]mobilenet,dis,[S2D-MTL][alpha=0.6][beta=0.8][gamma=0.0]mobilenet,0.88505149664877,0.8936507936507935,0.8594097866419296,0.8560846560846559,0.9478142388121344,0.9035087719298246,0.963718820861678,0.8800403225806451,0.9918032786885246,1.0
runs/1786055749_dis_[S2D-MTL][alpha=0.5][beta=0.5][gamma=0.0]resnet,dis,[S2D-MTL][alpha=0.5][beta=0.5][gamma=0.0]resnet,0.8904583221656394,0.9026455026455028,0.9062018025833816,0.8999999999999999,0.9599982098102398,0.9385964912280702,0.9863945578231292,0.907258064516129,1.0,0.967741935483871
runs/1786038110_dis_efficientnet,dis,efficientnet,0.9144534979188148,0.9312169312169312,0.8878027159059739,0.8936507936507935,0.9358651339732826,0.8450292397660819,0.9625850340136054,0.936491935483871,0.9836065573770492,0.9516129032258064
runs/1786039505_dis_[MTL][alpha=0.2]convnext,dis,[MTL][alpha=0.2]convnext,0.8827678072532794,0.8915343915343915,0.8687206132452981,0.8576719576719575,0.94565638366269,0.8508771929824561,0.9580498866213152,0.9193548387096776,1.0,1.0
runs/1786052232_dis_[S2D-MTL][alpha=0.5][beta=0.3][gamma=0.0]resnet,dis,[S2D-MTL][alpha=0.5][beta=0.3][gamma=0.0]resnet,0.8851991758241758,0.902116402116402,0.8988713988713988,0.8973544973544972,0.9589104289140672,0.9502923976608189,0.9773242630385488,0.8991935483870968,1.0,0.967741935483871
runs/1786044752_dis_[MTL][alpha=0.6]convnext,dis,[MTL][alpha=0.6]convnext,0.9014981840193704,0.9126984126984128,0.8975715360593314,0.8894179894179894,0.952465120173706,0.8538011695906433,0.9750566893424036,0.933467741935484,1.0,1.0
runs/1786057390_dis_[S2D-MTL][alpha=0.5][beta=0.6][gamma=0.0]resnet,dis,[S2D-MTL][alpha=0.5][beta=0.6][gamma=0.0]resnet,0.9054569711897296,0.9148148148148147,0.8990577078288943,0.8878306878306875,0.9583645413456836,0.912280701754386,0.9773242630385488,0.902217741935484,1.0,1.0
runs/1786039265_dis_convnext,dis,convnext,0.8975312182136905,0.9063492063492062,0.8880626163508882,0.8857142857142856,0.9539679652279702,0.8771929824561404,0.9773242630385488,0.9153225806451613,1.0,1.0
runs/1786036983_dis_mobilenet,dis,mobilenet,0.818457512315271,0.8312169312169312,0.865625,0.866137566137566,0.91302781723895,0.7690058479532164,0.943310657596372,0.8689516129032258,1.0,0.9838709677419356
runs/1786048693_dis_[S2D-MTL][alpha=0.5][beta=0.1][gamma=0.0]resnet,dis,[S2D-MTL][alpha=0.5][beta=0.1][gamma=0.0]resnet,0.9046452828780416,0.9132275132275132,0.8999535090894372,0.8899470899470898,0.9507323175450146,0.8859649122807018,0.979591836734694,0.9203629032258064,1.0,0.967741935483871
runs/1786042823_dis_[MTL][alpha=0.6]mobilenet,dis,[MTL][alpha=0.6]mobilenet,0.8518350737100737,0.857142857142857,0.8534913003663004,0.8481481481481479,0.8971886376248849,0.7631578947368421,0.9387755102040816,0.8810483870967742,0.9836065573770492,0.9193548387096774
runs/1786060842_dis_[S2D-MTL][alpha=0.5][beta=0.8][gamma=0.0]resnet,dis,[S2D-MTL][alpha=0.5][beta=0.8][gamma=0.0]resnet,0.8953617520690693,0.9074074074074072,0.905962469733656,0.893121693121693,0.9649170930398192,0.9269005847953216,0.9863945578231292,0.9112903225806452,1.0,1.0
runs/1786064781_dis_[S2D-MTL][alpha=0.4][beta=0.5][gamma=0.5]swint,dis,[S2D-MTL][alpha=0.4][beta=0.5][gamma=0.5]swint,0.9342198749526336,0.9396825396825396,0.9017706521615568,0.8973544973544972,0.9536044652722436,0.8567251461988304,0.9727891156462584,0.9546370967741936,1.0,0.9838709677419356
runs/1786059087_dis_[S2D-MTL][alpha=0.6][beta=0.5][gamma=0.5]mobilenet,dis,[S2D-MTL][alpha=0.6][beta=0.5][gamma=0.5]mobilenet,0.8837236696230598,0.8841269841269841,0.8622028010809066,0.8560846560846559,0.9445874430700408,0.9590643274853802,0.9523809523809524,0.8921370967741935,1.0,0.9193548387096774
runs/1786071562_dis_[S2D-MTL][alpha=0.5][beta=0.5][gamma=0.0]swint,dis,[S2D-MTL][alpha=0.5][beta=0.5][gamma=0.0]swint,0.925047778308648,0.9248677248677248,0.9026145523238548,0.8984126984126984,0.9567744245406142,0.8538011695906433,0.9784580498866212,0.9516129032258064,1.0,1.0
runs/1786046583_dis_[MTL][alpha=0.6]swint,dis,[MTL][alpha=0.6]swint,0.9346288875817954,0.9375661375661376,0.8864239926739926,0.8756613756613756,0.9561192968981592,0.8538011695906433,0.9761904761904762,0.9506048387096776,1.0,1.0
runs/1786050457_dis_[S2D-MTL][alpha=0.5][beta=0.2][gamma=0.0]resnet,dis,[S2D-MTL][alpha=0.5][beta=0.2][gamma=0.0]resnet,0.9038794836366324,0.9126984126984126,0.8950249697336562,0.8814814814814812,0.9579368929235532,0.9415204678362574,0.9852607709750568,0.9112903225806452,1.0,0.9516129032258064
runs/1786053988_dis_[S2D-MTL][alpha=0.5][beta=0.4][gamma=0.0]resnet,dis,[S2D-MTL][alpha=0.5][beta=0.4][gamma=0.0]resnet,0.8796744300475644,0.8910052910052909,0.8856698705899532,0.8708994708994707,0.9630535632475968,0.9415204678362574,0.9705215419501132,0.9032258064516128,1.0,1.0
runs/1786057319_dis_[S2D-MTL][alpha=0.6][beta=0.5][gamma=0.5]resnet,dis,[S2D-MTL][alpha=0.6][beta=0.5][gamma=0.5]resnet,0.901564396373242,0.91005291005291,0.9006090958730711,0.8867724867724865,0.958948879495205,0.9152046783625732,0.9863945578231292,0.8931451612903226,1.0,1.0
runs/1786074985_dis_[S2D-MTL][alpha=0.5][beta=0.7][gamma=0.0]swint,dis,[S2D-MTL][alpha=0.5][beta=0.7][gamma=0.0]swint,0.9371197528525116,0.9407407407407408,0.9069991789819376,0.8999999999999999,0.950655801369784,0.8421052631578948,0.9625850340136054,0.9485887096774194,1.0,1.0
runs/1786062778_dis_[S2D-MTL][alpha=0.4][beta=0.5][gamma=0.5]convnext,dis,[S2D-MTL][alpha=0.4][beta=0.5][gamma=0.5]convnext,0.9199661747233236,0.93015873015873,0.8984563001060256,0.9074074074074072,0.9487695814035858,0.8450292397660819,0.9875283446712018,0.9274193548387096,1.0,0.9838709677419356
runs/1786046077_dis_[MTL][alpha=0.7]convnext,dis,[MTL][alpha=0.7]convnext,0.909975369458128,0.9164021164021164,0.9008365121410884,0.8947089947089947,0.9579699777477488,0.8742690058479532,0.9750566893424036,0.9405241935483872,1.0,1.0
runs/1786047388_dis_[MTL][alpha=0.8]convnext,dis,[MTL][alpha=0.8]convnext,0.909975369458128,0.9164021164021164,0.9080172088598284,0.9089947089947088,0.9505641503913392,0.8333333333333334,0.973922902494331,0.9455645161290324,1.0,1.0
runs/1786038212_dis_[MTL][alpha=0.1]convnext,dis,[MTL][alpha=0.1]convnext,0.8637893356643358,0.873015873015873,0.8292857945064818,0.8058201058201055,0.9096121399889894,0.8187134502923977,0.9501133786848072,0.8921370967741935,1.0,0.8870967741935484
runs/1786068002_dis_[S2D-MTL][alpha=0.5][beta=0.3][gamma=0.0]swint,dis,[S2D-MTL][alpha=0.5][beta=0.3][gamma=0.0]swint,0.9193872929606624,0.9232804232804231,0.9063543377120964,0.8973544973544972,0.9580505122252636,0.8771929824561404,0.979591836734694,0.9495967741935484,1.0,0.9838709677419356
runs/1786042136_dis_[MTL][alpha=0.4]convnext,dis,[MTL][alpha=0.4]convnext,0.910819833259909,0.9253968253968254,0.8854627400605632,0.8888888888888887,0.9522383628040916,0.8538011695906433,0.9739229024943312,0.933467741935484,1.0,1.0
runs/1786031285_dis_[MTL][alpha=0.3]resnet,dis,[MTL][alpha=0.3]resnet,0.8920501555708343,0.9015873015873016,0.8654231185481185,0.857142857142857,0.953872488440764,0.8801169590643275,0.973922902494331,0.9153225806451613,1.0,1.0
runs/1786051459_dis_[S2D-MTL][alpha=0.3][beta=0.5][gamma=0.0]efficientnet,dis,[S2D-MTL][alpha=0.3][beta=0.5][gamma=0.0]efficientnet,0.9194739686542964,0.9354497354497352,0.8671981292517008,0.869312169312169,0.9387088407825486,0.8859649122807018,0.9761904761904762,0.9284274193548387,0.9836065573770492,0.9193548387096774
runs/1786096363_CLIP_dis_vit.h.laion2b,dis,vit.h.laion2b,0.68145259867097,0.5145880574452004,0.7452922724273655,0.5911564625850337,0.5509977006333163,0.4035087719298246,0.6972789115646258,0.4828629032258064,0.6229508196721312,0.5483870967741935
